"GISJOIN","Geography","Y90Total","Y90A25to44","Y90A25to59","Y00Total","Y00A25to44","Y00A25to59","Y10total","Y10A25to44","Y10A25to59","place"
"G08000320","Acres Green CDP, Colorado",NA,NA,NA,3205,1116,1765,3007,878,1589,"00320"
"G08000620","Aetna Estates CDP, Colorado",NA,NA,NA,NA,NA,NA,834,244,410,"00620"
"G08000760","Aguilar town, Colorado",520,127,216,593,120,255,538,91,221,"00760"
"G08000870","Air Force Academy CDP, Colorado",9062,2099,2211,7526,1836,1982,6680,792,912,"00870"
"G08000925","Akron town, Colorado",1599,391,612,1711,401,688,1702,393,767,"00925"
"G08001090","Alamosa city, Colorado",7579,2128,2975,7960,1972,3164,8780,2084,3611,"01090"
"G08001145","Alamosa East CDP, Colorado",1389,463,624,1528,463,738,1458,313,658,"01145"
"G08001420","Allenspark CDP, Colorado",NA,NA,NA,496,136,298,528,88,261,"01420"
"G08001530","Alma town, Colorado",148,77,102,179,95,134,270,111,168,"01530"
"G08001640","Alpine CDP, Colorado",NA,NA,NA,NA,NA,NA,174,33,79,"01640"
"G08001740","Altona CDP, Colorado",NA,NA,NA,NA,NA,NA,501,73,236,"01740"
"G08001915","Amherst CDP, Colorado",NA,NA,NA,NA,NA,NA,58,12,24,"01915"
"G08002355","Antonito town, Colorado",875,225,343,873,202,360,781,167,349,"02355"
"G08002575","Applewood CDP, Colorado",11069,3465,5665,7123,1711,3422,7160,1567,3402,"02575"
"G08002905","Arboles CDP, Colorado",NA,NA,NA,232,48,120,280,40,119,"02905"
"G08003015","Aristocrat Ranchettes CDP, Colorado",NA,NA,NA,1254,366,626,1344,322,657,"03015"
"G08003235","Arriba town, Colorado",220,57,90,244,64,106,193,34,89,"03235"
"G08003455","Arvada city, Colorado",89235,31480,46669,102153,31009,52306,106433,26822,51854,"03455"
"G08003620","Aspen city, Colorado",5049,2709,3502,5914,2490,3910,6658,2365,3956,"03620"
"G08003730","Aspen Park CDP, Colorado",NA,NA,NA,874,304,514,882,175,499,"03730"
"G08003840","Atwood CDP, Colorado",NA,NA,NA,195,46,96,133,15,60,"03840"
"G08003950","Ault town, Colorado",1107,309,467,1432,416,648,1519,400,707,"03950"
"G08004000","Aurora city, Colorado",222103,89829,118209,276393,95990,143789,325078,99934,161819,"04000"
"G08004110","Avon town, Colorado",1798,970,1086,5561,2619,3286,6447,2872,3913,"04110"
"G08004165","Avondale CDP, Colorado",NA,NA,NA,754,170,313,674,150,281,"04165"
"G08004620","Bark Ranch CDP, Colorado",NA,NA,NA,NA,NA,NA,213,62,145,"04620"
"G08004935","Basalt town, Colorado",1128,589,714,2681,1133,1729,3857,1363,2264,"04935"
"G08005120","Battlement Mesa CDP, Colorado",1477,312,505,3497,873,1362,4471,1171,2033,"05120"
"G08005265","Bayfield town, Colorado",1090,377,497,1549,465,794,2333,693,1190,"05265"
"G08006090","Bennett town, Colorado",1757,651,836,2021,701,1022,2308,546,1124,"06090"
"G08006172","Berkley CDP, Colorado",NA,NA,NA,10743,3342,5174,11207,3265,5374,"06172"
"G08006255","Berthoud town, Colorado",2990,1086,1408,4839,1629,2535,5105,1190,2566,"06255"
"G08006530","Bethune town, Colorado",173,53,76,225,63,94,237,70,101,"06530"
"G08006602","Beulah Valley CDP, Colorado",NA,NA,NA,1164,264,612,556,71,232,"06602"
"G08006970","Black Forest CDP, Colorado",8143,3081,4546,13247,3844,7369,13116,2121,6531,"06970"
"G08007025","Black Hawk city, Colorado",227,94,130,118,39,73,118,22,67,"07025"
"G08007190","Blanca town, Colorado",272,76,114,391,109,187,385,78,155,"07190"
"G08007245","Blende CDP, Colorado",NA,NA,NA,NA,NA,NA,878,192,376,"07245"
"G08007410","Blue River town, Colorado",440,232,283,685,321,455,849,352,523,"07410"
"G08007420","Blue Sky CDP, Colorado",NA,NA,NA,NA,NA,NA,24,5,12,"07420"
"G08007571","Bonanza town, Colorado",NA,NA,NA,14,2,7,16,1,7,"07571"
"G08007580","Bonanza Mountain Estates CDP, Colorado",NA,NA,NA,NA,NA,NA,128,31,82,"07580"
"G08007795","Boone town, Colorado",341,93,160,323,73,127,339,69,152,"07795"
"G08007850","Boulder city, Colorado",83312,30778,40133,94673,31277,46382,97385,26989,42593,"07850"
"G08008070","Bow Mar town, Colorado",854,209,419,847,175,390,866,120,359,"08070"
"G08008290","Brandon CDP, Colorado",NA,NA,NA,NA,NA,NA,21,5,12,"08290"
"G08008345","Branson town, Colorado",58,15,22,77,23,36,74,13,30,"08345"
"G08008400","Breckenridge town, Colorado",1285,697,847,2408,1091,1484,4540,1963,2795,"08400"
"G08008530","Brick Center CDP, Colorado",NA,NA,NA,NA,NA,NA,107,24,62,"08530"
"G08008675","Brighton city, Colorado",14203,4690,6660,20905,6838,10121,33352,10280,16128,"08675"
"G08009115","Brookside town, Colorado",183,58,88,219,59,105,233,48,114,"09115"
"G08009280","Broomfield city, Colorado",24638,9548,12864,38272,13877,20615,55889,16761,28738,"09280"
"G08009555","Brush city, Colorado",4165,1033,1596,5117,1316,2055,5463,1321,2246,"09555"
"G08010105","Buena Vista town, Colorado",1752,550,813,2195,587,1088,2617,600,1238,"10105"
"G08010600","Burlington city, Colorado",2941,800,1250,3678,1206,1787,4254,1373,2233,"10600"
"G08010985","Byers CDP, Colorado",1065,319,497,1233,363,615,1160,262,549,"10985"
"G08011260","Calhan town, Colorado",562,148,234,896,252,411,780,172,334,"11260"
"G08011645","Campo town, Colorado",121,28,48,150,38,65,109,21,49,"11645"
"G08011810","Cañon City city, Colorado",12687,3557,5211,15431,4350,7035,16400,3800,7224,"11810"
"G08011975","Capulin CDP, Colorado",NA,NA,NA,NA,NA,NA,200,38,78,"11975"
"G08012045","Carbondale town, Colorado",NA,NA,NA,5196,1945,2814,6427,2260,3425,"12045"
"G08012325","Cascade-Chipita Park CDP, Colorado",1479,570,847,1709,473,953,1655,316,855,"12325"
"G08012387","Castle Pines CDP, Colorado",NA,NA,NA,5958,1778,3544,3614,499,1620,"12387"
"G08012390","Castle Pines North city, Colorado",NA,NA,NA,NA,NA,NA,10360,2574,5106,"12390"
"G08012415","Castle Rock town, Colorado",8708,3670,4646,20224,7728,11012,48231,15899,24957,"12415"
"G08012450","Cathedral CDP, Colorado",NA,NA,NA,NA,NA,NA,14,3,4,"12450"
"G08012460","Catherine CDP, Colorado",NA,NA,NA,NA,NA,NA,228,70,123,"12460"
"G08012470","Cattle Creek CDP, Colorado",NA,NA,NA,NA,NA,NA,641,197,308,"12470"
"G08012635","Cedaredge town, Colorado",1380,249,432,1854,353,680,2253,403,858,"12635"
"G08012815","Centennial city, Colorado",NA,NA,NA,NA,NA,NA,100377,23888,49952,"12815"
"G08012855","Center town, Colorado",1963,586,802,2392,656,1004,2230,529,967,"12855"
"G08012910","Central City city, Colorado",335,126,188,515,175,320,663,158,378,"12910"
"G08012945","Chacra CDP, Colorado",NA,NA,NA,NA,NA,NA,329,68,172,"12945"
"G08013460","Cheraw town, Colorado",265,74,103,211,52,109,252,51,113,"13460"
"G08013590","Cherry Creek CDP, Colorado",NA,NA,NA,NA,NA,NA,11120,2593,5591,"13590"
"G08013845","Cherry Hills Village city, Colorado",5245,1256,2581,5958,1017,2812,5987,832,2544,"13845"
"G08014175","Cheyenne Wells town, Colorado",1128,366,495,1010,282,459,846,179,389,"14175"
"G08014587","Cimarron Hills CDP, Colorado",11160,4409,5644,15194,5803,7867,16161,5100,8124,"14587"
"G08014765","City of Creede town, Colorado",NA,NA,NA,NA,NA,NA,290,61,134,"14765"
"G08015165","Clifton CDP, Colorado",12671,4363,5708,17345,5305,7807,19889,5576,9125,"15165"
"G08015302","Coal Creek CDP, Colorado",NA,NA,NA,2323,894,1555,2400,657,1524,"15302"
"G08015330","Coal Creek town, Colorado",157,44,61,303,85,147,343,70,148,"15330"
"G08015440","Coaldale CDP, Colorado",NA,NA,NA,NA,NA,NA,255,39,125,"15440"
"G08015550","Cokedale town, Colorado",116,26,56,139,28,65,129,26,60,"15550"
"G08015605","Collbran town, Colorado",228,60,98,388,104,180,708,109,235,"15605"
"G08015825","Colona CDP, Colorado",NA,NA,NA,NA,NA,NA,30,3,11,"15825"
"G08015935","Colorado City CDP, Colorado",1149,296,495,2018,541,955,2193,446,964,"15935"
"G08016000","Colorado Springs city, Colorado",281140,102169,139839,360890,118287,182159,416427,115012,202458,"16000"
"G08016110","Columbine CDP, Colorado",23969,8220,12908,24095,6742,12720,24280,5514,11778,"16110"
"G08016385","Columbine Valley town, Colorado",1071,262,528,1132,185,530,1256,140,509,"16385"
"G08016465","Comanche Creek CDP, Colorado",NA,NA,NA,NA,NA,NA,369,102,201,"16465"
"G08016495","Commerce City city, Colorado",16466,5145,7368,20991,6430,9541,45913,15724,22904,"16495"
"G08016715","Conejos CDP, Colorado",NA,NA,NA,NA,NA,NA,58,9,23,"16715"
"G08017150","Copper Mountain CDP, Colorado",NA,NA,NA,NA,NA,NA,385,143,234,"17150"
"G08017375","Cortez city, Colorado",7284,2073,3036,7977,2120,3531,8482,2033,3671,"17375"
"G08017485","Cotopaxi CDP, Colorado",NA,NA,NA,NA,NA,NA,47,3,21,"17485"
"G08017760","Craig city, Colorado",8091,2821,3886,9189,2765,4490,9464,2556,4595,"17760"
"G08017925","Crawford town, Colorado",221,48,90,366,100,165,431,104,208,"17925"
"G08018310","Crested Butte town, Colorado",878,512,579,1529,850,1100,1487,671,959,"18310"
"G08018420","Crestone town, Colorado",39,7,19,73,17,42,127,25,49,"18420"
"G08018530","Cripple Creek city, Colorado",584,199,307,1115,326,626,1189,264,610,"18530"
"G08018585","Crisman CDP, Colorado",NA,NA,NA,NA,NA,NA,186,54,119,"18585"
"G08018640","Crook town, Colorado",148,40,67,128,25,51,110,22,51,"18640"
"G08018750","Crowley town, Colorado",225,59,90,187,41,77,176,31,77,"18750"
"G08019080","Dacono city, Colorado",2228,706,1064,3015,977,1487,4152,1259,2073,"19080"
"G08019150","Dakota Ridge CDP, Colorado",NA,NA,NA,NA,NA,NA,32005,9003,17275,"19150"
"G08019355","De Beque town, Colorado",257,68,103,451,117,198,504,125,240,"19355"
"G08019630","Deer Trail town, Colorado",476,127,198,598,168,260,546,132,248,"19630"
"G08019795","Del Norte town, Colorado",1674,460,679,1705,422,752,1686,408,767,"19795"
"G08019850","Delta city, Colorado",3789,918,1419,6400,1542,2578,8915,2064,3738,"19850"
"G08020000","Denver city, Colorado",467610,173309,234334,554636,200096,293669,600158,212593,318566,"20000"
"G08020275","Derby CDP, Colorado",6043,1907,2786,6423,1920,3004,7685,2137,3485,"20275"
"G08020440","Dillon town, Colorado",553,235,303,802,314,471,904,291,511,"20440"
"G08020495","Dinosaur town, Colorado",324,100,145,319,85,145,339,79,154,"20495"
"G08020605","Divide CDP, Colorado",NA,NA,NA,NA,NA,NA,127,26,70,"20605"
"G08020770","Dolores town, Colorado",866,275,371,857,224,390,936,243,460,"20770"
"G08021155","Dotsero CDP, Colorado",NA,NA,NA,NA,NA,NA,705,230,328,"21155"
"G08021265","Dove Creek town, Colorado",643,186,287,698,170,295,735,173,320,"21265"
"G08021330","Dove Valley CDP, Colorado",NA,NA,NA,NA,NA,NA,5243,2356,2970,"21330"
"G08021390","Downieville-Lawson-Dumont CDP, Colorado",NA,NA,NA,364,111,204,594,165,312,"21390"
"G08022035","Durango city, Colorado",12430,3673,4983,13922,3793,6168,16887,4918,8033,"22035"
"G08022145","Eads town, Colorado",780,211,305,747,180,324,609,118,255,"22145"
"G08022200","Eagle town, Colorado",1580,684,840,3032,1237,1731,6508,2328,3551,"22200"
"G08022575","East Pleasant View CDP, Colorado",NA,NA,NA,369,117,181,356,83,195,"22575"
"G08022860","Eaton town, Colorado",1959,614,856,2690,715,1282,4365,1112,1987,"22860"
"G08023025","Eckley town, Colorado",211,60,93,278,81,107,257,63,126,"23025"
"G08023135","Edgewater city, Colorado",4613,1660,2213,5445,1901,2746,5170,1753,2700,"23135"
"G08023300","Edwards CDP, Colorado",NA,NA,NA,8257,3339,4904,10266,3534,5639,"23300"
"G08023520","Elbert CDP, Colorado",NA,NA,NA,NA,NA,NA,230,50,111,"23520"
"G08023575","Eldora CDP, Colorado",NA,NA,NA,170,86,125,142,46,98,"23575"
"G08023630","Eldorado Springs CDP, Colorado",NA,NA,NA,557,198,360,585,136,320,"23630"
"G08023740","Elizabeth town, Colorado",818,281,384,1434,523,730,1358,399,695,"23740"
"G08023795","El Jebel CDP, Colorado",2605,1225,1445,4488,1717,2573,3801,1165,2078,"23795"
"G08024235","Ellicott CDP, Colorado",NA,NA,NA,NA,NA,NA,1131,285,514,"24235"
"G08024290","El Moro CDP, Colorado",NA,NA,NA,NA,NA,NA,221,34,100,"24290"
"G08024620","Empire town, Colorado",401,171,214,355,109,213,282,63,169,"24620"
"G08024785","Englewood city, Colorado",29387,10921,14413,31727,11394,16731,30255,9867,16572,"24785"
"G08024950","Erie town, Colorado",1258,469,640,6291,2755,3727,18135,6029,9886,"24950"
"G08025115","Estes Park town, Colorado",3184,902,1465,5413,1440,2688,5858,1120,2528,"25115"
"G08025280","Evans city, Colorado",5877,2169,2707,9514,3077,4310,18537,5870,8539,"25280"
"G08025390","Evergreen CDP, Colorado",7582,2841,4374,9216,2727,5238,9038,1825,4518,"25390"
"G08025550","Fairmount CDP, Colorado",NA,NA,NA,NA,NA,NA,7559,1645,3913,"25550"
"G08025610","Fairplay town, Colorado",387,147,212,610,229,368,679,195,380,"25610"
"G08026270","Federal Heights city, Colorado",9342,3131,4272,12065,3807,5510,11467,3393,5286,"26270"
"G08026600","Firestone town, Colorado",1358,493,657,1908,660,1016,10147,3421,5207,"26600"
"G08026765","Flagler town, Colorado",564,150,235,612,142,260,561,104,243,"26765"
"G08026875","Fleming town, Colorado",344,81,129,426,98,175,408,95,178,"26875"
"G08027040","Florence city, Colorado",2990,676,1143,3653,1018,1649,3881,881,1679,"27040"
"G08027095","Florissant CDP, Colorado",NA,NA,NA,NA,NA,NA,104,26,50,"27095"
"G08027175","Floyd Hill CDP, Colorado",NA,NA,NA,NA,NA,NA,998,247,575,"27175"
"G08027370","Fort Carson CDP, Colorado",11309,3747,3830,10566,3610,3735,13813,4451,4641,"27370"
"G08027425","Fort Collins city, Colorado",87758,30960,39727,118652,37392,55030,143986,41685,66013,"27425"
"G08027535","Fort Garland CDP, Colorado",NA,NA,NA,432,118,190,433,81,184,"27535"
"G08027700","Fort Lupton city, Colorado",5159,1762,2298,6787,2099,3114,7377,1881,3421,"27700"
"G08027810","Fort Morgan city, Colorado",9068,2683,3892,11034,3210,4803,11315,2948,4922,"27810"
"G08027865","Fountain city, Colorado",9984,3338,4642,15197,5213,7393,25846,8591,12618,"27865"
"G08027975","Fowler town, Colorado",1154,267,425,1206,271,480,1182,258,474,"27975"
"G08028105","Foxfield town, Colorado",NA,NA,NA,746,132,371,685,98,305,"28105"
"G08028250","Franktown CDP, Colorado",NA,NA,NA,99,26,55,395,54,184,"28250"
"G08028305","Fraser town, Colorado",575,280,334,910,420,564,1224,502,748,"28305"
"G08028360","Frederick town, Colorado",988,332,460,2467,943,1339,8679,2961,4580,"28360"
"G08028690","Frisco town, Colorado",1601,889,1056,2443,1098,1581,2683,1014,1633,"28690"
"G08028745","Fruita city, Colorado",4045,1212,1662,6478,1780,2879,12646,3556,5844,"28745"
"G08028800","Fruitvale CDP, Colorado",5222,1692,2461,6936,1827,3229,7675,1793,3454,"28800"
"G08028830","Fulford CDP, Colorado",NA,NA,NA,NA,NA,NA,2,0,1,"28830"
"G08029185","Garden City town, Colorado",199,67,94,357,116,155,234,55,118,"29185"
"G08029295","Garfield CDP, Colorado",NA,NA,NA,NA,NA,NA,15,4,10,"29295"
"G08029625","Genesee CDP, Colorado",2737,1050,1725,3699,938,2292,3609,574,1727,"29625"
"G08029680","Genoa town, Colorado",167,48,72,211,46,76,139,26,56,"29680"
"G08029735","Georgetown town, Colorado",891,340,480,1088,369,663,1034,319,603,"29735"
"G08029845","Gerrard CDP, Colorado",NA,NA,NA,NA,NA,NA,278,48,112,"29845"
"G08029955","Gilcrest town, Colorado",1084,354,470,1162,362,521,1034,261,480,"29955"
"G08030340","Glendale city, Colorado",2453,1299,1480,4547,2290,2786,4184,1977,2535,"30340"
"G08030350","Glendale CDP, Colorado",NA,NA,NA,NA,NA,NA,69,22,40,"30350"
"G08030420","Gleneagle CDP, Colorado",1661,644,914,4246,1189,2264,6611,1458,3039,"30420"
"G08030780","Glenwood Springs city, Colorado",6561,2583,3470,7736,2577,4285,9614,3064,5166,"30780"
"G08030835","Golden city, Colorado",13116,4904,6663,17159,5732,8887,18867,5172,8957,"30835"
"G08030890","Goldfield CDP, Colorado",NA,NA,NA,NA,NA,NA,49,12,24,"30890"
"G08030945","Gold Hill CDP, Colorado",NA,NA,NA,210,78,141,230,46,126,"30945"
"G08031550","Granada town, Colorado",513,134,207,640,162,263,517,120,224,"31550"
"G08031605","Granby town, Colorado",966,358,490,1525,511,813,1864,542,1032,"31605"
"G08031660","Grand Junction city, Colorado",29034,8250,11990,41986,11033,18853,58566,14919,26491,"31660"
"G08031715","Grand Lake town, Colorado",259,107,141,447,131,273,471,95,251,"31715"
"G08031935","Grand View Estates CDP, Colorado",NA,NA,NA,691,210,393,528,96,266,"31935"
"G08032155","Greeley city, Colorado",60536,18358,25451,76930,20979,32585,92889,23628,39179,"32155"
"G08032650","Green Mountain Falls town, Colorado",663,308,405,773,257,487,640,119,330,"32650"
"G08033035","Greenwood Village city, Colorado",7589,2173,4047,11035,2639,5766,13925,3197,6910,"33035"
"G08033310","Grover town, Colorado",135,36,60,153,35,63,137,24,61,"33310"
"G08033420","Guffey CDP, Colorado",NA,NA,NA,NA,NA,NA,98,17,49,"33420"
"G08033502","Gunbarrel CDP, Colorado",9388,3690,5562,9435,2974,5417,9263,2587,4976,"33502"
"G08033640","Gunnison city, Colorado",4636,1143,1551,5409,1345,1973,5854,1527,2334,"33640"
"G08033695","Gypsum town, Colorado",1750,741,920,3654,1413,1965,6477,2164,3434,"33695"
"G08034520","Hartman town, Colorado",108,24,41,111,30,42,81,14,32,"34520"
"G08034685","Hasty CDP, Colorado",NA,NA,NA,NA,NA,NA,144,28,64,"34685"
"G08034740","Haswell town, Colorado",62,25,31,84,24,34,68,12,28,"34740"
"G08034960","Haxtun town, Colorado",952,194,340,982,221,379,946,184,382,"34960"
"G08035070","Hayden town, Colorado",1444,521,707,1634,541,827,1810,530,975,"35070"
"G08035400","Heeney CDP, Colorado",NA,NA,NA,NA,NA,NA,76,19,48,"35400"
"G08035860","Hidden Lake CDP, Colorado",NA,NA,NA,NA,NA,NA,31,12,19,"35860"
"G08036410","Highlands Ranch CDP, Colorado",10181,5093,6044,70931,29746,41119,96713,29368,50879,"36410"
"G08036610","Hillrose town, Colorado",169,50,75,254,77,120,264,55,122,"36610"
"G08036940","Hoehne CDP, Colorado",NA,NA,NA,NA,NA,NA,111,28,55,"36940"
"G08037215","Holly town, Colorado",877,234,350,1048,251,414,802,146,300,"37215"
"G08037220","Holly Hills CDP, Colorado",NA,NA,NA,NA,NA,NA,2521,585,1232,"37220"
"G08037270","Holyoke city, Colorado",1931,525,808,2261,601,963,2313,518,952,"37270"
"G08037380","Hooper town, Colorado",112,31,52,123,37,54,103,19,45,"37380"
"G08037545","Hotchkiss town, Colorado",744,182,291,968,256,421,944,223,433,"37545"
"G08037600","Hot Sulphur Springs town, Colorado",347,132,185,521,181,296,663,198,377,"37600"
"G08037655","Howard CDP, Colorado",NA,NA,NA,NA,NA,NA,723,98,318,"37655"
"G08037820","Hudson town, Colorado",918,293,439,1565,519,749,2356,834,1433,"37820"
"G08037875","Hugo town, Colorado",660,171,261,885,230,403,730,162,310,"37875"
"G08038370","Idaho Springs city, Colorado",1834,667,949,1889,572,1020,1717,448,919,"38370"
"G08038425","Idalia CDP, Colorado",NA,NA,NA,NA,NA,NA,88,23,41,"38425"
"G08038480","Idledale CDP, Colorado",NA,NA,NA,NA,NA,NA,252,62,151,"38480"
"G08038535","Ignacio town, Colorado",720,215,302,669,200,311,697,180,319,"38535"
"G08038590","Iliff town, Colorado",174,44,78,213,40,93,266,65,106,"38590"
"G08038810","Indian Hills CDP, Colorado",NA,NA,NA,1197,379,726,1280,266,752,"38810"
"G08038910","Inverness CDP, Colorado",NA,NA,NA,NA,NA,NA,1532,765,1016,"38910"
"G08039160","Jackson Lake CDP, Colorado",NA,NA,NA,NA,NA,NA,154,16,65,"39160"
"G08039195","Jamestown town, Colorado",251,124,152,205,95,143,274,76,167,"39195"
"G08039250","Jansen CDP, Colorado",NA,NA,NA,NA,NA,NA,112,17,44,"39250"
"G08039745","Joes CDP, Colorado",NA,NA,NA,NA,NA,NA,80,15,37,"39745"
"G08039800","Johnson Village CDP, Colorado",NA,NA,NA,NA,NA,NA,246,42,111,"39800"
"G08039855","Johnstown town, Colorado",1579,476,672,3827,1339,1977,9887,3196,4930,"39855"
"G08039965","Julesburg town, Colorado",1295,306,501,1467,350,583,1225,243,521,"39965"
"G08040185","Keenesburg town, Colorado",570,166,273,855,267,395,1127,293,524,"40185"
"G08040377","Ken Caryl CDP, Colorado",24391,11050,13598,30887,10922,17402,32438,8798,17439,"40377"
"G08040515","Kersey town, Colorado",980,309,440,1389,431,621,1454,396,658,"40515"
"G08040550","Keystone CDP, Colorado",NA,NA,NA,825,301,387,1079,403,588,"40550"
"G08040570","Kim town, Colorado",76,23,36,65,20,32,74,7,24,"40570"
"G08040790","Kiowa town, Colorado",275,102,130,581,211,289,723,200,352,"40790"
"G08040900","Kirk CDP, Colorado",NA,NA,NA,NA,NA,NA,59,4,28,"40900"
"G08041010","Kit Carson town, Colorado",305,85,112,253,54,94,233,48,93,"41010"
"G08041065","Kittredge CDP, Colorado",NA,NA,NA,954,387,607,1304,334,727,"41065"
"G08041560","Kremmling town, Colorado",1166,426,553,1578,530,828,1444,383,730,"41560"
"G08041835","Lafayette city, Colorado",14548,6436,7820,23197,8889,13217,24453,7251,13246,"41835"
"G08042000","Laird CDP, Colorado",NA,NA,NA,NA,NA,NA,47,6,25,"42000"
"G08042055","La Jara town, Colorado",725,193,281,877,215,378,818,178,340,"42055"
"G08042110","La Junta city, Colorado",7637,2065,3080,7568,1860,3164,7077,1554,2899,"42110"
"G08042165","La Junta Gardens CDP, Colorado",NA,NA,NA,NA,NA,NA,153,23,65,"42165"
"G08042330","Lake City town, Colorado",223,98,130,375,117,221,408,95,196,"42330"
"G08042495","Lakeside town, Colorado",11,2,3,20,4,10,8,2,4,"42495"
"G08043000","Lakewood city, Colorado",126481,44789,66783,144126,46763,74786,142980,38667,70463,"43000"
"G08043110","Lamar city, Colorado",8343,2443,3558,8869,2312,3743,7804,1817,3267,"43110"
"G08043220","Laporte CDP, Colorado",NA,NA,NA,2691,860,1450,2450,609,1281,"43220"
"G08043550","Larkspur town, Colorado",232,86,122,234,71,130,183,37,104,"43550"
"G08043605","La Salle town, Colorado",1783,578,841,1849,513,875,1955,519,907,"43605"
"G08043660","Las Animas city, Colorado",2481,631,990,2758,661,1159,2410,486,981,"43660"
"G08044100","La Veta town, Colorado",726,204,302,924,231,462,800,131,344,"44100"
"G08044270","Lazy Acres CDP, Colorado",NA,NA,NA,NA,NA,NA,920,182,492,"44270"
"G08044320","Leadville city, Colorado",2629,901,1292,2821,970,1478,2602,827,1400,"44320"
"G08044375","Leadville North CDP, Colorado",1757,655,915,1942,631,957,1794,523,913,"44375"
"G08044595","Lewis CDP, Colorado",NA,NA,NA,NA,NA,NA,302,60,147,"44595"
"G08044695","Leyner CDP, Colorado",NA,NA,NA,NA,NA,NA,29,1,8,"44695"
"G08044980","Limon town, Colorado",1831,505,781,2071,579,899,1880,431,828,"44980"
"G08045145","Lincoln Park CDP, Colorado",3728,886,1511,3904,874,1649,3546,632,1442,"45145"
"G08045255","Littleton city, Colorado",33685,11223,16874,40340,12146,20295,41737,10680,20477,"45255"
"G08045530","Lochbuie town, Colorado",1168,361,562,2049,675,990,4726,1608,2400,"45530"
"G08045680","Loghill Village CDP, Colorado",NA,NA,NA,311,62,174,521,58,230,"45680"
"G08045695","Log Lane Village town, Colorado",667,212,284,1006,300,441,873,220,385,"45695"
"G08045750","Loma CDP, Colorado",NA,NA,NA,NA,NA,NA,1293,315,637,"45750"
"G08045955","Lone Tree city, Colorado",NA,NA,NA,4873,1683,2907,10218,2738,5347,"45955"
"G08045970","Longmont city, Colorado",51555,18622,25686,71093,23553,36525,86270,24326,42901,"45970"
"G08046355","Louisville city, Colorado",12361,6048,7196,18937,6736,10738,18376,4698,9898,"46355"
"G08046410","Louviers CDP, Colorado",NA,NA,NA,237,57,121,269,53,137,"46410"
"G08046465","Loveland city, Colorado",37352,12577,17490,50608,15511,24877,66859,17598,31893,"46465"
"G08047015","Lynn CDP, Colorado",NA,NA,NA,NA,NA,NA,12,0,3,"47015"
"G08047070","Lyons town, Colorado",1227,515,666,1585,575,952,2033,627,1152,"47070"
"G08047345","McCoy CDP, Colorado",NA,NA,NA,NA,NA,NA,24,0,12,"47345"
"G08048060","Manassa town, Colorado",988,245,383,1042,239,400,991,217,382,"48060"
"G08048115","Mancos town, Colorado",842,223,339,1119,292,527,1336,363,617,"48115"
"G08048445","Manitou Springs city, Colorado",4535,1804,2522,4980,1576,2979,4992,1228,2703,"48445"
"G08048500","Manzanola town, Colorado",437,97,170,525,126,200,434,90,157,"48500"
"G08048555","Marble town, Colorado",64,27,37,105,29,69,131,28,67,"48555"
"G08049325","Maybell CDP, Colorado",NA,NA,NA,NA,NA,NA,72,13,32,"49325"
"G08049490","Maysville CDP, Colorado",NA,NA,NA,NA,NA,NA,135,24,61,"49490"
"G08049600","Mead town, Colorado",456,175,217,2017,721,1088,3405,928,1796,"49600"
"G08049875","Meeker town, Colorado",2098,616,938,2242,569,1062,2475,617,1166,"49875"
"G08050012","Meridian CDP, Colorado",NA,NA,NA,184,93,111,2970,1419,1861,"50012"
"G08050040","Merino town, Colorado",238,72,109,246,62,107,284,82,137,"50040"
"G08050380","Midland CDP, Colorado",NA,NA,NA,NA,NA,NA,156,37,99,"50380"
"G08050480","Milliken town, Colorado",1605,484,642,2888,934,1343,5610,1809,2788,"50480"
"G08050920","Minturn town, Colorado",1066,475,593,1068,461,637,1027,394,604,"50920"
"G08051250","Moffat town, Colorado",99,36,49,114,26,60,116,25,47,"51250"
"G08051635","Monte Vista city, Colorado",4324,1208,1747,4529,1181,1957,4444,1036,1925,"51635"
"G08051690","Montezuma town, Colorado",60,39,46,42,21,29,65,26,44,"51690"
"G08051745","Montrose city, Colorado",8854,2375,3693,12344,3179,5402,19132,4619,8126,"51745"
"G08051800","Monument town, Colorado",1020,397,541,1971,755,1060,5530,1527,2758,"51800"
"G08051975","Morgan Heights CDP, Colorado",NA,NA,NA,NA,NA,NA,266,51,119,"51975"
"G08052075","Morrison town, Colorado",465,130,178,430,87,152,428,72,165,"52075"
"G08052210","Mountain Meadows CDP, Colorado",NA,NA,NA,NA,NA,NA,274,55,132,"52210"
"G08052350","Mountain View town, Colorado",550,217,278,569,194,307,507,182,282,"52350"
"G08052550","Mountain Village town, Colorado",NA,NA,NA,978,436,623,1320,541,856,"52550"
"G08052570","Mount Crested Butte town, Colorado",264,151,193,707,341,471,801,313,496,"52570"
"G08052820","Mulford CDP, Colorado",NA,NA,NA,NA,NA,NA,174,42,86,"52820"
"G08053120","Naturita town, Colorado",434,106,208,635,173,265,546,113,263,"53120"
"G08053175","Nederland town, Colorado",1099,531,639,1394,650,910,1445,499,877,"53175"
"G08053395","New Castle town, Colorado",679,257,348,1984,771,1054,4518,1592,2436,"53395"
"G08053780","Niwot CDP, Colorado",2666,1076,1622,4160,1226,2377,4006,644,2076,"53780"
"G08053875","No Name CDP, Colorado",NA,NA,NA,NA,NA,NA,123,31,65,"53875"
"G08053945","Norrie CDP, Colorado",NA,NA,NA,NA,NA,NA,7,1,5,"53945"
"G08054330","Northglenn city, Colorado",27195,8870,13945,31575,10375,15375,35789,10671,17320,"54330"
"G08054495","North La Junta CDP, Colorado",NA,NA,NA,NA,NA,NA,512,104,212,"54495"
"G08054750","North Washington CDP, Colorado",NA,NA,NA,549,157,265,484,130,226,"54750"
"G08054880","Norwood town, Colorado",429,149,213,438,140,232,518,138,250,"54880"
"G08054935","Nucla town, Colorado",656,171,307,734,178,329,711,154,311,"54935"
"G08055045","Nunn town, Colorado",324,106,153,471,146,208,416,93,212,"55045"
"G08055155","Oak Creek town, Colorado",673,252,352,849,283,467,884,313,509,"55155"
"G08055540","Olathe town, Colorado",1263,331,484,1573,389,648,1849,471,785,"55540"
"G08055705","Olney Springs town, Colorado",340,80,125,389,101,167,345,88,157,"55705"
"G08055870","Ophir town, Colorado",69,53,56,113,74,92,159,76,97,"55870"
"G08055925","Orchard CDP, Colorado",NA,NA,NA,NA,NA,NA,90,16,42,"55925"
"G08055980","Orchard City town, Colorado",2218,448,807,2880,567,1151,3119,526,1214,"55980"
"G08056035","Orchard Mesa CDP, Colorado",5977,1999,2881,6456,1896,3185,6836,1725,3262,"56035"
"G08056145","Ordway town, Colorado",1025,253,381,1248,304,510,1080,200,435,"56145"
"G08056365","Otis town, Colorado",451,122,179,534,133,223,475,109,194,"56365"
"G08056420","Ouray city, Colorado",644,185,332,813,240,438,1000,246,502,"56420"
"G08056475","Ovid town, Colorado",349,77,148,330,77,136,318,62,132,"56475"
"G08056695","Padroni CDP, Colorado",NA,NA,NA,97,27,42,76,17,36,"56695"
"G08056860","Pagosa Springs town, Colorado",1207,350,523,1591,428,748,1727,398,779,"56860"
"G08056970","Palisade town, Colorado",1871,534,755,2579,683,1145,2692,631,1256,"56970"
"G08057025","Palmer Lake town, Colorado",1480,619,790,2179,762,1244,2420,556,1285,"57025"
"G08057245","Paoli town, Colorado",29,6,14,42,6,19,34,6,13,"57245"
"G08057300","Paonia town, Colorado",1403,347,521,1497,377,642,1451,330,650,"57300"
"G08057400","Parachute town, Colorado",658,213,293,1006,325,458,1085,328,535,"57400"
"G08057445","Paragon Estates CDP, Colorado",NA,NA,NA,NA,NA,NA,928,137,431,"57445"
"G08057630","Parker town, Colorado",5450,2690,3122,23558,10216,13417,45297,15405,24054,"57630"
"G08057850","Parshall CDP, Colorado",NA,NA,NA,NA,NA,NA,47,10,30,"57850"
"G08058235","Peetz town, Colorado",179,47,72,227,60,90,238,42,103,"58235"
"G08058400","Penrose CDP, Colorado",2235,688,1064,4070,1101,2061,3582,719,1719,"58400"
"G08058510","Peoria CDP, Colorado",NA,NA,NA,NA,NA,NA,163,42,83,"58510"
"G08058592","Perry Park CDP, Colorado",NA,NA,NA,1180,251,667,1646,211,782,"58592"
"G08058675","Peyton CDP, Colorado",NA,NA,NA,NA,NA,NA,250,65,120,"58675"
"G08058758","Phippsburg CDP, Colorado",NA,NA,NA,NA,NA,NA,204,57,114,"58758"
"G08058960","Piedra CDP, Colorado",NA,NA,NA,NA,NA,NA,28,7,18,"58960"
"G08059005","Pierce town, Colorado",823,262,366,884,282,431,834,180,392,"59005"
"G08059240","Pine Brook Hill CDP, Colorado",NA,NA,NA,NA,NA,NA,983,165,462,"59240"
"G08059830","Pitkin town, Colorado",53,24,38,124,29,65,66,5,37,"59830"
"G08060160","Platteville town, Colorado",1515,475,711,2370,765,1123,2485,686,1183,"60160"
"G08060600","Poncha Springs town, Colorado",244,75,127,466,127,222,737,187,370,"60600"
"G08060655","Ponderosa Park CDP, Colorado",1640,694,921,3112,1077,1818,3232,643,1776,"60655"
"G08060765","Portland CDP, Colorado",NA,NA,NA,NA,NA,NA,135,27,67,"60765"
"G08061315","Pritchett town, Colorado",153,32,54,137,37,60,140,33,62,"61315"
"G08062000","Pueblo city, Colorado",98640,28872,42468,102121,27146,44908,106595,25823,46963,"62000"
"G08062220","Pueblo West CDP, Colorado",4386,1391,2211,16899,5460,8536,29637,7609,13854,"62220"
"G08062660","Ramah town, Colorado",94,28,47,117,24,56,123,33,72,"62660"
"G08062880","Rangely town, Colorado",2278,782,1070,2096,620,975,2365,601,1107,"62880"
"G08063045","Raymer (New Raymer) town, Colorado",98,31,44,91,19,34,96,17,43,"63045"
"G08063265","Red Cliff town, Colorado",297,116,151,289,106,150,267,102,164,"63265"
"G08063320","Red Feather Lakes CDP, Colorado",NA,NA,NA,525,98,243,343,32,137,"63320"
"G08063375","Redlands CDP, Colorado",9355,2730,4611,8043,1666,3737,8685,1422,3756,"63375"
"G08063650","Redstone CDP, Colorado",NA,NA,NA,NA,NA,NA,130,26,72,"63650"
"G08063705","Redvale CDP, Colorado",NA,NA,NA,NA,NA,NA,236,64,117,"63705"
"G08064090","Rico town, Colorado",92,29,49,205,104,144,265,95,164,"64090"
"G08064200","Ridgway town, Colorado",423,154,234,713,244,410,924,235,510,"64200"
"G08064255","Rifle city, Colorado",4636,1630,2172,6784,2332,3343,9172,2794,4500,"64255"
"G08064870","Rock Creek Park CDP, Colorado",NA,NA,NA,NA,NA,NA,58,6,22,"64870"
"G08064970","Rockvale town, Colorado",321,75,137,426,121,226,487,112,212,"64970"
"G08065190","Rocky Ford city, Colorado",4162,1059,1631,4286,1026,1748,3957,850,1655,"65190"
"G08065685","Rollinsville CDP, Colorado",NA,NA,NA,NA,NA,NA,181,68,119,"65685"
"G08065740","Romeo town, Colorado",341,90,134,375,105,157,404,101,175,"65740"
"G08066197","Roxborough Park CDP, Colorado",NA,NA,NA,4446,1864,2727,9099,3007,5050,"66197"
"G08066895","Rye town, Colorado",168,48,66,202,48,88,153,29,70,"66895"
"G08066995","Saddle Ridge CDP, Colorado",NA,NA,NA,NA,NA,NA,56,10,24,"66995"
"G08067005","Saguache town, Colorado",584,156,254,578,149,277,485,91,226,"67005"
"G08067040","St. Ann Highlands CDP, Colorado",NA,NA,NA,NA,NA,NA,288,79,174,"67040"
"G08067142","St. Mary's CDP, Colorado",NA,NA,NA,251,100,159,283,98,186,"67142"
"G08067280","Salida city, Colorado",4737,1312,1989,5504,1511,2596,5236,1308,2575,"67280"
"G08067445","Salt Creek CDP, Colorado",NA,NA,NA,648,150,260,587,112,263,"67445"
"G08067500","San Acacio CDP, Colorado",NA,NA,NA,NA,NA,NA,40,8,19,"67500"
"G08067830","Sanford town, Colorado",750,193,266,817,205,325,879,208,354,"67830"
"G08068105","San Luis town, Colorado",800,210,328,739,160,322,629,120,254,"68105"
"G08068655","Sawpit town, Colorado",36,21,24,25,11,20,40,9,27,"68655"
"G08068847","Security-Widefield CDP, Colorado",NA,NA,NA,29845,9535,14336,32882,8727,15670,"68847"
"G08068875","Sedalia CDP, Colorado",NA,NA,NA,211,68,118,206,53,97,"68875"
"G08068930","Sedgwick town, Colorado",183,52,81,191,48,83,146,24,63,"68930"
"G08068985","Segundo CDP, Colorado",NA,NA,NA,NA,NA,NA,98,14,39,"68985"
"G08069040","Seibert town, Colorado",181,47,74,180,47,83,181,35,86,"69040"
"G08069110","Seven Hills CDP, Colorado",NA,NA,NA,NA,NA,NA,121,26,58,"69110"
"G08069150","Severance town, Colorado",106,34,53,597,247,325,3165,1105,1748,"69150"
"G08069480","Shaw Heights CDP, Colorado",NA,NA,NA,NA,NA,NA,5116,1426,2435,"69480"
"G08069645","Sheridan city, Colorado",4976,1518,2234,5600,1706,2642,5664,1559,2646,"69645"
"G08069700","Sheridan Lake town, Colorado",95,26,39,66,21,32,88,16,35,"69700"
"G08069810","Sherrelwood CDP, Colorado",16636,5549,8292,17657,5511,8231,18287,5233,8441,"69810"
"G08070195","Silt town, Colorado",1095,391,532,1740,655,920,2930,939,1516,"70195"
"G08070250","Silver Cliff town, Colorado",322,89,154,512,133,238,587,116,270,"70250"
"G08070360","Silver Plume town, Colorado",134,60,79,203,68,120,170,55,100,"70360"
"G08070525","Silverthorne town, Colorado",1768,932,1074,3196,1351,1866,3887,1270,2156,"70525"
"G08070580","Silverton town, Colorado",716,280,384,531,151,336,637,188,364,"70580"
"G08070635","Simla town, Colorado",481,126,172,663,186,271,618,147,270,"70635"
"G08071625","Smeltertown CDP, Colorado",NA,NA,NA,NA,NA,NA,120,31,54,"71625"
"G08071755","Snowmass Village town, Colorado",1449,748,978,1822,758,1214,2826,950,1658,"71755"
"G08071790","Snyder CDP, Colorado",NA,NA,NA,NA,NA,NA,132,24,58,"71790"
"G08072320","Southern Ute CDP, Colorado",NA,NA,NA,NA,NA,NA,177,39,84,"72320"
"G08072395","South Fork town, Colorado",NA,NA,NA,604,148,275,386,70,176,"72395"
"G08073330","Springfield town, Colorado",1475,379,605,1562,345,629,1451,297,584,"73330"
"G08073715","Starkville town, Colorado",104,23,43,128,34,61,59,13,27,"73715"
"G08073825","Steamboat Springs city, Colorado",6695,3239,3893,9815,3932,5975,12088,4082,6937,"73825"
"G08073935","Sterling city, Colorado",10362,2984,4302,11360,2900,4704,14777,4557,7402,"73935"
"G08074080","Stonegate CDP, Colorado",NA,NA,NA,6284,2437,3422,8962,2632,4736,"74080"
"G08074275","Stonewall Gap CDP, Colorado",NA,NA,NA,NA,NA,NA,67,6,28,"74275"
"G08074375","Strasburg CDP, Colorado",NA,NA,NA,1402,410,703,2447,625,1190,"74375"
"G08074430","Stratmoor CDP, Colorado",5854,1922,2651,6650,2163,3032,6900,2237,3483,"74430"
"G08074485","Stratton town, Colorado",649,193,291,669,174,296,658,166,284,"74485"
"G08074815","Sugar City town, Colorado",252,59,101,279,69,132,258,48,119,"74815"
"G08074980","Sugarloaf CDP, Colorado",NA,NA,NA,NA,NA,NA,261,45,144,"74980"
"G08075585","Sunshine CDP, Colorado",NA,NA,NA,NA,NA,NA,230,64,138,"75585"
"G08075640","Superior town, Colorado",255,97,134,9011,4002,5313,12483,4175,6869,"75640"
"G08075970","Swink town, Colorado",584,173,279,696,184,336,617,141,275,"75970"
"G08076190","Tabernash CDP, Colorado",NA,NA,NA,165,78,103,417,148,239,"76190"
"G08076325","Tall Timber CDP, Colorado",NA,NA,NA,NA,NA,NA,208,44,100,"76325"
"G08076795","Telluride town, Colorado",1309,734,880,2221,1130,1550,2325,982,1491,"76795"
"G08077235","The Pinery CDP, Colorado",4885,1788,2713,7253,1895,4002,10517,2299,5283,"77235"
"G08077290","Thornton city, Colorado",55031,21733,27650,82384,29648,43269,118772,38772,60507,"77290"
"G08077510","Timnath town, Colorado",190,70,103,223,80,129,625,173,306,"77510"
"G08077757","Todd Creek CDP, Colorado",NA,NA,NA,1299,439,771,3768,990,2079,"77757"
"G08078280","Towaoc CDP, Colorado",700,211,294,1097,385,481,1087,296,486,"78280"
"G08078335","Towner CDP, Colorado",NA,NA,NA,NA,NA,NA,22,0,12,"78335"
"G08078345","Trail Side CDP, Colorado",NA,NA,NA,NA,NA,NA,59,18,26,"78345"
"G08078610","Trinidad city, Colorado",8580,2123,3250,9078,2199,3865,9096,2023,3980,"78610"
"G08079100","Twin Lakes CDP (Adams County), Colorado",NA,NA,NA,6301,1942,2850,6101,1714,2843,"79100"
"G08079105","Twin Lakes CDP (Lake County), Colorado",NA,NA,NA,NA,NA,NA,171,38,82,"79105"
"G08079270","Two Buttes town, Colorado",63,17,23,67,11,38,43,7,18,"79270"
"G08079785","Upper Bear Creek CDP, Colorado",NA,NA,NA,NA,NA,NA,1059,177,554,"79785"
"G08080040","Vail town, Colorado",3659,1963,2498,4531,2172,3012,5305,2277,3293,"80040"
"G08080095","Valdez CDP, Colorado",NA,NA,NA,NA,NA,NA,47,3,17,"80095"
"G08080370","Valmont CDP, Colorado",NA,NA,NA,NA,NA,NA,59,12,33,"80370"
"G08080755","Vernon CDP, Colorado",NA,NA,NA,NA,NA,NA,29,8,13,"80755"
"G08080865","Victor city, Colorado",258,81,129,445,143,248,397,82,234,"80865"
"G08081030","Vilas town, Colorado",105,25,44,110,24,44,114,28,48,"81030"
"G08081305","Vineland CDP, Colorado",NA,NA,NA,NA,NA,NA,251,63,116,"81305"
"G08081690","Vona town, Colorado",104,33,46,95,22,38,106,19,40,"81690"
"G08082130","Walden town, Colorado",890,280,416,734,187,347,608,135,297,"82130"
"G08082350","Walsenburg city, Colorado",3300,754,1270,4182,1300,1995,3068,555,1284,"82350"
"G08082460","Walsh town, Colorado",692,193,297,723,173,287,546,102,197,"82460"
"G08082735","Ward town, Colorado",159,88,100,169,60,108,150,48,87,"82735"
"G08082905","Watkins CDP, Colorado",NA,NA,NA,NA,NA,NA,653,137,361,"82905"
"G08083120","Welby CDP, Colorado",10218,3545,5105,12973,4328,6369,14846,4734,7265,"83120"
"G08083175","Weldona CDP, Colorado",NA,NA,NA,NA,NA,NA,139,28,68,"83175"
"G08083230","Wellington town, Colorado",1340,518,634,2672,1021,1408,6289,2368,3355,"83230"
"G08083450","Westcliffe town, Colorado",312,84,134,417,97,205,568,174,308,"83450"
"G08083500","Westcreek CDP, Colorado",NA,NA,NA,105,24,62,129,23,67,"83500"
"G08083835","Westminster city, Colorado",74625,31018,40060,100940,36306,54870,106114,32276,55371,"83835"
"G08084000","Weston CDP, Colorado",NA,NA,NA,NA,NA,NA,55,4,20,"84000"
"G08084042","West Pleasant View CDP, Colorado",NA,NA,NA,3932,1370,2109,3840,1182,2019,"84042"
"G08084440","Wheat Ridge city, Colorado",29419,9559,13989,32913,9637,15792,30166,7782,14948,"84440"
"G08084770","Wiggins town, Colorado",499,145,218,838,235,378,893,221,373,"84770"
"G08085045","Wiley town, Colorado",406,118,183,483,164,236,405,95,195,"85045"
"G08085155","Williamsburg town, Colorado",253,70,114,714,220,365,662,126,289,"85155"
"G08085485","Windsor town, Colorado",5062,1779,2334,9896,3472,5182,18644,5204,9291,"85485"
"G08085705","Winter Park town, Colorado",528,267,335,662,291,441,999,395,621,"85705"
"G08085760","Wolcott CDP, Colorado",NA,NA,NA,NA,NA,NA,15,4,11,"85760"
"G08086090","Woodland Park city, Colorado",4610,1956,2548,6515,2144,3648,7200,1599,3642,"86090"
"G08086117","Woodmoor CDP, Colorado",3858,1351,2039,7177,1801,3798,8741,1524,4167,"86117"
"G08086200","Woody Creek CDP, Colorado",NA,NA,NA,NA,NA,NA,263,55,152,"86200"
"G08086310","Wray city, Colorado",1998,536,814,2187,538,907,2342,589,982,"86310"
"G08086475","Yampa town, Colorado",317,108,158,443,127,247,429,103,223,"86475"
"G08086750","Yuma city, Colorado",2719,757,1130,3285,868,1403,3524,907,1522,"86750"
